error_id,source,position_type,distribution,params,ks_statistic,ks_pvalue,low_confidence,ks_informative
code_error,trail,absolute,exponential,"7.0000, 22.6041",0.142132,0.000618,False,False
code_error,trail,absolute,weibull_min,"1.4256, 0.0000, 32.8169",0.104621,0.024847,False,False
code_error,trail,absolute,lognorm,"0.7387, 0.0000, 22.7539",0.10388,0.026427,False,False
code_error,trail,absolute,pareto,"0.8483, 0.0000, 7.0000",0.210917,0.0,False,False
code_error,trail,absolute,gamma,"2.0510, 0.0000, 14.4343",0.078519,0.167038,False,False
code_error,trail,absolute,lomax,"28530398460689.2383, 0.0000, 844615511751325.7500",0.210578,0.0,False,False
code_error,trail,normalized,exponential,"0.1296, 0.4242",0.233802,0.0,False,False
code_error,trail,normalized,weibull_min,"2.8594, 0.0000, 0.6223",0.057835,0.506673,False,False
code_error,trail,normalized,lognorm,"0.4646, 0.0000, 0.5044",0.102852,0.028763,False,False
code_error,trail,normalized,beta,"1.3830, 1.3767, 0.1210, 0.8637",0.050911,0.66755,False,False
code_error,trail,normalized,uniform,"0.1296, 0.8466",0.084446,0.113677,False,False
code_error,trail,normalized,pareto,"0.7360, 0.0000, 0.1296",0.334996,0.0,False,False
code_error,trail,normalized,gamma,"5.5082, 0.0000, 0.1005",0.076756,0.18627,False,False
code_error,trail,normalized,lomax,"25599322965897.9297, 0.0000, 14177445586170.4688",0.284417,0.0,False,False
hallucination,trail,absolute,exponential,"7.0000, 15.9905",0.25386,2e-06,False,False
hallucination,trail,absolute,weibull_min,"1.2133, 0.0000, 24.8013",0.224909,3.8e-05,False,False
hallucination,trail,absolute,lognorm,"0.7251, 0.0000, 16.7880",0.18673,0.001117,False,False
hallucination,trail,absolute,pareto,"1.1432, 0.0000, 7.0000",0.22114,5.4e-05,False,False
hallucination,trail,absolute,gamma,"1.7383, 0.0000, 13.2259",0.213172,0.000115,False,False
hallucination,trail,absolute,lomax,"148.9985, 0.0000, 3402.5128",0.296802,0.0,False,False
hallucination,trail,normalized,exponential,"0.2432, 0.5176",0.361012,0.0,False,False
hallucination,trail,normalized,weibull_min,"5.7546, 0.0000, 0.8246",0.215534,9.2e-05,False,False
hallucination,trail,normalized,lognorm,"0.2930, 0.0000, 0.7338",0.24493,5e-06,False,False
hallucination,trail,normalized,beta,"2.2003, 0.7747, 0.1722, 0.8278",0.206662,0.000207,False,False
hallucination,trail,normalized,uniform,"0.2432, 0.7568",0.374359,0.0,False,False
hallucination,trail,normalized,pareto,"0.9057, 0.0000, 0.2432",0.398735,0.0,False,False
hallucination,trail,normalized,gamma,"13.9837, 0.0000, 0.0544",0.242046,7e-06,False,False
hallucination,trail,normalized,lomax,"55279648697631.4531, 0.0000, 42057395379519.6172",0.383662,0.0,False,False
instruction_adherence_failure,trail,absolute,exponential,"7.0000, 11.5974",0.24026,0.0,False,False
instruction_adherence_failure,trail,absolute,weibull_min,"1.4782, 0.0000, 20.7827",0.181403,6.6e-05,False,False
instruction_adherence_failure,trail,absolute,lognorm,"0.6435, 0.0000, 14.8883",0.153065,0.00129,False,False
instruction_adherence_failure,trail,absolute,pareto,"1.3251, 0.0000, 7.0000",0.24026,0.0,False,False
instruction_adherence_failure,trail,absolute,gamma,"2.4012, 0.0000, 7.7450",0.151364,0.001517,False,False
instruction_adherence_failure,trail,absolute,lomax,"16809735148157.5469, 0.0000, 312617414944993.3125",0.31367,0.0,False,False
instruction_adherence_failure,trail,normalized,exponential,fit_failed: The data contains non-finite values.,,,False,False
instruction_adherence_failure,trail,normalized,weibull_min,fit_failed: The data contains non-finite values.,,,False,False
instruction_adherence_failure,trail,normalized,lognorm,fit_failed: The data contains non-finite values.,,,False,False
instruction_adherence_failure,trail,normalized,beta,fit_failed: The data contains non-finite values.,,,False,False
instruction_adherence_failure,trail,normalized,uniform,fit_failed: The data contains non-finite values.,,,False,False
instruction_adherence_failure,trail,normalized,pareto,fit_failed: The data contains non-finite values.,,,False,False
instruction_adherence_failure,trail,normalized,gamma,fit_failed: The data contains non-finite values.,,,False,False
instruction_adherence_failure,trail,normalized,lomax,fit_failed: The data contains non-finite values.,,,False,False
kv_cache_loss,trail,absolute,exponential,"9.0000, 25.5102",0.104284,0.623226,True,False
kv_cache_loss,trail,absolute,weibull_min,"1.7336, 0.0000, 38.9802",0.085148,0.839832,True,False
kv_cache_loss,trail,absolute,lognorm,"0.6157, 0.0000, 28.6992",0.084473,0.8465,True,False
kv_cache_loss,trail,absolute,pareto,"0.8623, 0.0000, 9.0000",0.209689,0.022815,True,False
kv_cache_loss,trail,absolute,gamma,"2.8675, 0.0000, 12.0348",0.073081,0.938892,True,False
kv_cache_loss,trail,absolute,lomax,"53706280219792.6562, 0.0000, 1853416921708342.2500",0.252532,0.003057,True,False
kv_cache_loss,trail,normalized,exponential,"0.2360, 0.5855",0.328542,3.3e-05,True,False
kv_cache_loss,trail,normalized,weibull_min,"4.8858, 0.0000, 0.8988",0.263401,0.001726,True,False
kv_cache_loss,trail,normalized,lognorm,"0.3683, 0.0000, 0.7777",0.247447,0.00396,True,False
kv_cache_loss,trail,normalized,beta,"1.2184, 0.3671, 0.1487, 0.8513",0.448978,0.0,True,False
kv_cache_loss,trail,normalized,uniform,"0.2360, 0.7640",0.44898,0.0,True,False
kv_cache_loss,trail,normalized,pareto,"0.8384, 0.0000, 0.2360",0.392161,0.0,True,False
kv_cache_loss,trail,normalized,gamma,"9.3059, 0.0000, 0.0883",0.233263,0.007919,True,False
kv_cache_loss,trail,normalized,lomax,"22114642012821.8086, 0.0000, 18165436181070.5859",0.366512,2e-06,True,False
misinterpretation_of_tool_output,trail,absolute,exponential,"7.0000, 24.1404",0.143619,0.172624,True,False
misinterpretation_of_tool_output,trail,absolute,weibull_min,"1.3981, 0.0000, 34.5857",0.197937,0.019673,True,False
misinterpretation_of_tool_output,trail,absolute,lognorm,"0.6584, 0.0000, 24.3986",0.159102,0.099817,True,False
misinterpretation_of_tool_output,trail,absolute,pareto,"0.8009, 0.0000, 7.0000",0.285642,0.000131,True,False
misinterpretation_of_tool_output,trail,absolute,gamma,"2.2016, 0.0000, 14.1447",0.204592,0.014366,True,False
misinterpretation_of_tool_output,trail,absolute,lomax,"33710818137256.4648, 0.0000, 1049767106505771.7500",0.236022,0.002815,True,False
misinterpretation_of_tool_output,trail,normalized,exponential,"0.1800, 0.4489",0.206858,0.012875,True,False
misinterpretation_of_tool_output,trail,normalized,weibull_min,"3.0751, 0.0000, 0.7056",0.126595,0.294972,True,False
misinterpretation_of_tool_output,trail,normalized,lognorm,"0.4502, 0.0000, 0.5757",0.158854,0.100739,True,False
misinterpretation_of_tool_output,trail,normalized,beta,"0.9203, 0.6937, 0.1050, 0.8533",0.107293,0.494404,True,False
misinterpretation_of_tool_output,trail,normalized,uniform,"0.1800, 0.7783",0.161472,0.091327,True,False
misinterpretation_of_tool_output,trail,normalized,pareto,"0.8601, 0.0000, 0.1800",0.308914,2.5e-05,True,False
misinterpretation_of_tool_output,trail,normalized,gamma,"5.8241, 0.0000, 0.1080",0.149044,0.143402,True,False
misinterpretation_of_tool_output,trail,normalized,lomax,"19871605480742.9297, 0.0000, 12497102121966.0352",0.29933,5e-05,True,False
orchestration_failure,trail,absolute,exponential,"7.0000, 9.2541",0.335367,0.0,False,False
orchestration_failure,trail,absolute,weibull_min,"1.3667, 0.0000, 18.0514",0.282576,0.0,False,False
orchestration_failure,trail,absolute,lognorm,"0.5738, 0.0000, 13.0838",0.272542,0.0,False,False
orchestration_failure,trail,absolute,pareto,"1.5988, 0.0000, 7.0000",0.293052,0.0,False,False
orchestration_failure,trail,absolute,gamma,"2.4583, 0.0000, 6.6119",0.262392,0.0,False,False
orchestration_failure,trail,absolute,lomax,"9753600028584.3027, 0.0000, 158535586082253.9062",0.387348,0.0,False,False
orchestration_failure,trail,normalized,exponential,fit_failed: The data contains non-finite values.,,,False,False
orchestration_failure,trail,normalized,weibull_min,fit_failed: The data contains non-finite values.,,,False,False
orchestration_failure,trail,normalized,lognorm,fit_failed: The data contains non-finite values.,,,False,False
orchestration_failure,trail,normalized,beta,fit_failed: The data contains non-finite values.,,,False,False
orchestration_failure,trail,normalized,uniform,fit_failed: The data contains non-finite values.,,,False,False
orchestration_failure,trail,normalized,pareto,fit_failed: The data contains non-finite values.,,,False,False
orchestration_failure,trail,normalized,gamma,fit_failed: The data contains non-finite values.,,,False,False
orchestration_failure,trail,normalized,lomax,fit_failed: The data contains non-finite values.,,,False,False
resource_abuse,trail,absolute,exponential,"5.0000, 22.4500",0.126121,0.271993,True,False
resource_abuse,trail,absolute,weibull_min,"1.6551, 0.0000, 30.8587",0.100365,0.547569,True,False
resource_abuse,trail,absolute,lognorm,"0.6828, 0.0000, 22.1507",0.090461,0.676171,True,False
resource_abuse,trail,absolute,pareto,"0.6718, 0.0000, 5.0000",0.288646,6.4e-05,True,False
resource_abuse,trail,absolute,gamma,"2.4850, 0.0000, 11.0462",0.080071,0.807068,True,False
resource_abuse,trail,absolute,lomax,"25223751124542.7891, 0.0000, 692391817798650.2500",0.208424,0.009168,True,False
resource_abuse,trail,normalized,exponential,"0.1562, 0.4220",0.212534,0.007402,True,False
resource_abuse,trail,normalized,weibull_min,"3.0220, 0.0000, 0.6492",0.144042,0.150205,True,False
resource_abuse,trail,normalized,lognorm,"0.4497, 0.0000, 0.5293",0.146668,0.136756,True,False
resource_abuse,trail,normalized,beta,"1.1192, 0.7700, 0.0925, 0.8205",0.07735,0.838144,True,False
resource_abuse,trail,normalized,uniform,"0.1562, 0.7568",0.142483,0.158683,True,False
resource_abuse,trail,normalized,pareto,"0.8196, 0.0000, 0.1562",0.308906,1.4e-05,True,False
resource_abuse,trail,normalized,gamma,"5.8123, 0.0000, 0.0995",0.14852,0.127864,True,False
resource_abuse,trail,normalized,lomax,"55496794257734.0781, 0.0000, 32093552427490.0781",0.292749,4.7e-05,True,False
guardrails_triggered,magentic_one,absolute,exponential,"5.0000, 35.2083",0.083333,0.991179,True,False
guardrails_triggered,magentic_one,absolute,weibull_min,"1.2550, 0.0000, 43.4159",0.117266,0.858462,True,False
guardrails_triggered,magentic_one,absolute,lognorm,"0.8879, 0.0000, 28.1013",0.082301,0.992349,True,False
guardrails_triggered,magentic_one,absolute,pareto,"0.5792, 0.0000, 5.0000",0.299466,0.020983,True,False
guardrails_triggered,magentic_one,absolute,gamma,"1.5411, 0.0000, 26.0899",0.109943,0.903469,True,False
guardrails_triggered,magentic_one,absolute,lomax,"3942364770788.4351, 0.0000, 158515919348133.0625",0.136456,0.712729,True,False
instruction_adherence_failure,magentic_one,absolute,exponential,"5.0000, 49.3807",0.123819,0.004322,False,False
instruction_adherence_failure,magentic_one,absolute,weibull_min,"1.5290, 0.0000, 60.2471",0.065995,0.342452,False,False
instruction_adherence_failure,magentic_one,absolute,lognorm,"0.8655, 0.0000, 40.5150",0.122618,0.004863,False,False
instruction_adherence_failure,magentic_one,absolute,pareto,"0.4780, 0.0000, 5.0000",0.280409,0.0,False,False
instruction_adherence_failure,magentic_one,absolute,gamma,"1.8479, 0.0000, 29.4277",0.085861,0.10327,False,False
instruction_adherence_failure,magentic_one,absolute,lomax,"17542953888189.3047, 0.0000, 953998271626486.0000",0.126291,0.003377,False,False
intent_not_supported,magentic_one,absolute,exponential,"4.0000, 41.8182",0.196257,0.321684,True,False
intent_not_supported,magentic_one,absolute,weibull_min,"1.1378, 0.0000, 48.0838",0.194783,0.330238,True,False
intent_not_supported,magentic_one,absolute,lognorm,"1.0065, 0.0000, 29.3041",0.190338,0.356946,True,False
intent_not_supported,magentic_one,absolute,pareto,"0.5022, 0.0000, 4.0000",0.287649,0.041802,True,False
intent_not_supported,magentic_one,absolute,gamma,"1.2592, 0.0000, 36.3854",0.19666,0.319372,True,False
intent_not_supported,magentic_one,absolute,lomax,"9577552363439.9043, 0.0000, 438826030106679.3750",0.183916,0.397914,True,False
misinterpretation_of_tool_output,magentic_one,absolute,exponential,"2.0000, 12.5652",0.284809,0.038213,True,False
misinterpretation_of_tool_output,magentic_one,absolute,weibull_min,"1.9184, 0.0000, 16.4712",0.152433,0.605652,True,False
misinterpretation_of_tool_output,magentic_one,absolute,lognorm,"0.6086, 0.0000, 12.3742",0.145766,0.659976,True,False
misinterpretation_of_tool_output,magentic_one,absolute,pareto,"0.5487, 0.0000, 2.0000",0.453639,7.6e-05,True,False
misinterpretation_of_tool_output,magentic_one,absolute,gamma,"3.2242, 0.0000, 4.5175",0.13615,0.737672,True,False
misinterpretation_of_tool_output,magentic_one,absolute,lomax,"23050236451505.5312, 0.0000, 335731753962837.7500",0.338108,0.007551,True,False
tool_web_failure,who_and_when_hc,absolute,exponential,"3.0000, 8.2917",0.213826,0.192415,True,False
tool_web_failure,who_and_when_hc,absolute,weibull_min,"1.3957, 0.0000, 12.5394",0.252899,0.077012,True,False
tool_web_failure,who_and_when_hc,absolute,lognorm,"0.6566, 0.0000, 8.8592",0.228402,0.139294,True,False
tool_web_failure,who_and_when_hc,absolute,pareto,"0.9235, 0.0000, 3.0000",0.345778,0.004561,True,False
tool_web_failure,who_and_when_hc,absolute,gamma,"2.2132, 0.0000, 5.1020",0.266649,0.053728,True,False
tool_web_failure,who_and_when_hc,absolute,lomax,"8532535794604.1113, 0.0000, 96346549623922.0312",0.257611,0.068224,True,False
tool_web_failure,who_and_when_hc,normalized,exponential,"0.0448, 0.3409",0.128589,0.775992,True,False
tool_web_failure,who_and_when_hc,normalized,weibull_min,"1.0851, 0.0000, 0.3991",0.124048,0.810604,True,False
tool_web_failure,who_and_when_hc,normalized,lognorm,"0.9811, 0.0000, 0.2439",0.088168,0.983908,True,False
tool_web_failure,who_and_when_hc,normalized,beta,"0.7309, 3.9580, 0.0448, 2.0475",0.097248,0.960533,True,False
tool_web_failure,who_and_when_hc,normalized,uniform,"0.0448, 1.5552",0.476205,1.6e-05,True,False
tool_web_failure,who_and_when_hc,normalized,pareto,"0.5900, 0.0000, 0.0448",0.2366,0.115031,True,False
tool_web_failure,who_and_when_hc,normalized,gamma,"1.2310, 0.0000, 0.3133",0.132017,0.748832,True,False
tool_web_failure,who_and_when_hc,normalized,lomax,"2229567878582.9639, 0.0000, 859833299239.7168",0.109619,0.905276,True,False
